#OTU ID	Taxon	no	yes
TACGGAAGGTCCGGGCGTTATCCGGATTTATTGGGTTTAAAGGGAGCGTAGGCCGGAGATTAAGCGTGTTGTGAAATGTAGACGCTCAACGTCTGCACTGCAGCGCGAACTGGTTTCCTTGAGTACGCACAAAGTGGGCGGAATTCGTGG	d__Bacteria; p__Bacteroidota; c__Bacteroidia; o__Bacteroidales; f__Bacteroidaceae; g__Prevotella; s__Prevotella copri	252149	515307
TACGGAAGGTCCGGGCGTTATCCGGATTTATTGGGTTTAAAGGGAGCGTAGGCCGGAGATTAAGCGTGTTGTGAAATGTAGATGCTCAACATCTGAACTGCAGCGCGAACTGGTTTCCTTGAGTACGCACAAAGTGGGCGGAATTCGTGG	d__Bacteria; p__Bacteroidota; c__Bacteroidia; o__Bacteroidales; f__Bacteroidaceae; g__Prevotella; s__Prevotella copri	75682	235025
TACGTAGGGGGCTAGCGTTATCCGGATTTACTGGGCGTAAAGGGTGCGTAGGCGGTCTTTCAAGTCAGGAGTTAAAGGCTACGGCTCAACCGTAGTAAGCTCCTGATACTGTCTGACTTGAGTGCAGGAGAGGAAAGCGGAATTCCCAGT	d__Bacteria; p__Firmicutes_A; c__Clostridia_258483; o__Peptostreptococcales; f__Peptostreptococcaceae_256921; g__Peptacetobacter; s__Peptacetobacter hiranonis	217254	167353
TACGTAGGGGGCGAGCGTTATCCGGATTCATTGGGCGTAAAGCGCGCGTAGGCGGCCCGGCAGGCAGGGGGTCAAATGGCGGGGCTCAACCCCGTCCCGCCCCCTGAACCGCCGGGCTCGGGTCCGGTAGGGGAGGGTGGAACACCCGGT	d__Bacteria; p__Actinobacteriota; c__Coriobacteriia; o__Coriobacteriales; f__Coriobacteriaceae; g__Collinsella; s__Collinsella intestinalis	170448	126325
TACGGAGGATCCGAGCGTTATCCGGATTTATTGGGTTTAAAGGGAGCGTAGATGGATGTTTAAGTCAGTTGTGAAAGTTTGCGGCTCAACCGTAAAATTGCAGTTGATACTGGATATCTTGAGTGCAGTTGAGGCAGGCGGAATTCGTGG	d__Bacteria; p__Bacteroidota; c__Bacteroidia; o__Bacteroidales; f__Bacteroidaceae; g__Phocaeicola_A_858004; s__Phocaeicola_A_858004 vulgatus	132371	92471
TACGTAGGGTGCAAGCGTTAATCGGAATTACTGGGCGTAAAGCGTGCGCAGGCGGTTCTGTAAGACAGATGTGAAATCCCCGGGCTCAACCTGGGAATTGCATTTGTGACTGCAGGACTAGAGTTCATCAGAGGGGGGTGGAATTCCAAG	d__Bacteria; p__Proteobacteria; c__Gammaproteobacteria; o__Burkholderiales_595427; f__Burkholderiaceae_A_595427; g__Sutterella; s__Sutterella stercoricanis	90409	86220
TACGTAGGCGGCAAGCGTTGTCCGGAATTATTGGGCGTAAAGGGAGCGCAGGCGGGAAACTAAGCGGATCTTAAAAGTGCGGGGCTCAACCCCGTGAGGGGGTCCGAACTGGTTTTCTTGAGTGCAGGAGAGGAAAGCGGAATTCCCAGT	d__Bacteria; p__Firmicutes_C; c__Negativicutes; o__Selenomonadales; f__Selenomonadaceae_42771; g__Megamonas; s__Megamonas funiformis	23557	81159
TACGTATGTCGCAAGCGTTATCCGGATTTATTGGGCGTAAAGCGCGTCTAGGCGGTCTGGTAAGTCTGATGTGGAAATGCGGGGCTCAACTCCGTATTGCGTTGGAAACTGCCAGACTAGAGTACTGGAGAGGTGGGCGGAACTACAAGT	d__Bacteria; p__Fusobacteriota; c__Fusobacteriia; o__Fusobacteriales_993521; f__Fusobacteriaceae_993521; g__Fusobacterium_B; s__	175246	77486
TACGTAGGTGGCGAGCGTTATCCGGAATCATTGGGCGTAAAGAGGGAGCAGGCGGCCGCAAGGGTCTGTGGTGAAAGACCGAAGCTAAACTTCGGTAAGCCATGGAAACCGGGCGGCTAGAGTGCGGAAGAGGATCGTGGAATTCCATGT	d__Bacteria; p__Firmicutes_D; c__Bacilli; o__Erysipelotrichales; f__Coprobacillaceae; g__Catenibacterium; s__Catenibacterium mitsuokai	44303	55041
TACGTAGGGGGCGAGCGTTATCCGGATTCATTGGGCGTAAAGCGCGCGTAGGCGGCCCGGCAGGCCGGGGGTCGAAGCGGGGGGCTCAACCCCCCGAAGCCCCCGGAACCTCCGCGGCTTGGGTCCGGTAGGGGAGGGTGGAACACCCGG	d__Bacteria; p__Actinobacteriota; c__Coriobacteriia; o__Coriobacteriales; f__Coriobacteriaceae; g__Collinsella; s__Collinsella aerofaciens_F	28739	47189
TACGGAGGATCCGAGCGTTATCCGGATTTATTGGGTTTAAAGGGAGCGTAGGCGGGTTGTTAAGTCAGTTGTGAAAGTTTGCGGCTCAACCGTAAAATTGCAGTTGATACTGGCGACCTTGAGTGCAACAGAGGTAGGCGGAATTCGTGG	d__Bacteria; p__Bacteroidota; c__Bacteroidia; o__Bacteroidales; f__Bacteroidaceae; g__Bacteroides_H; s__Bacteroides_H stercoris	109341	45398
TACGTAGGTGGCAAGCGTTGTCCGGAATTATTGGGCGTAAAGCGCGCGCAGGCGGCTTCTTAAGTCCATCTTAAAAGTGCGGGGCTTAACCCCGTGATGGGATGGAAACTGAGAGGCTGGAGTATCGGAGAGGAAAGTGGAATTCCTAGT	d__Bacteria; p__Firmicutes_C; c__Negativicutes; o__Veillonellales; f__Dialisteraceae; g__Dialister; s__Dialister sp900543165	38302	43898
TACGTAGGTGGCGAGCGTTATCCGGATTTACTGGGCGTAAAGGGAGCGTAGGCGGATGATTAAGTGGGATGTGAAATACCCGGGCTCAACTTGGGTGCTGCATTCCAAACTGGTTATCTAGAGTGCAGGAGAGGAGAGTGGAATTCCTAG	d__Bacteria; p__Firmicutes_A; c__Clostridia_258483; o__Clostridiales; f__Clostridiaceae_222000; g__Clostridium_P; s__Clostridium_P perfringens	70533	42411
TACGTAGGGGGCAAGCGTTATCCGGATTTACTGGGTGTAAAGGGAGCGTAGACGGAGCAGCAAGTCTGATGTGAAAGGCGGGGGCTCAACCCCCGGACTGCATTGGAAACTGTTGATCTTGAGTACCGGAGAGGTAAGCGGAATTCCTAG	d__Bacteria; p__Firmicutes_A; c__Clostridia_258483; o__Lachnospirales; f__Lachnospiraceae; g__Blautia_A_141781; s__Blautia_A_141781 caecimuris	44678	38609
AACGTAGGTCACAAGCGTTGTCCGGAATTACTGGGTGTAAAGGGAGCGCAGGCGGGAAGACAAGTTGGAAGTGAAATCTATGGGCTCAACCCATAAACTGCTTTCAAAACTGTTTTTCTTGAGTAGTGCAGAGGTAGGCGGAATTCCCGG	d__Bacteria; p__Firmicutes_A; c__Clostridia_258483; o__Oscillospirales; f__Ruminococcaceae; g__Faecalibacterium; s__Faecalibacterium prausnitzii_C_71351	27977	36802
TACGTAGGTGGCAAGCGTTGTCCGGAATTACTGGGTGTAAAGGGAGCGTAGGCGGGGAGGCAAGTTGAATGTCTAAACTATCGGCTCAACTGATAGTCGCGTTCAAAACTGCCACTCTTGAGTGCAGTAGAGGTAGGCGGAATTCCTAGT	d__Bacteria; p__Firmicutes_A; c__Clostridia_258483; o__Oscillospirales; f__Ruminococcaceae; g__Negativibacillus; s__Negativibacillus massiliensis	51461	34749
TACGTAGGGGGCAAGCGTTATCCGGATTTACTGGGTGTAAAGGGAGCGTAGACGGAAGAGCAAGTCTGATGTGAAAGGCTGGGGCTTAACCCCAGGACTGCATTGGAAACTGTTTTTCTAGAGTGCCGGAGAGGTAAGCGGAATTCCTAG	d__Bacteria; p__Firmicutes_A; c__Clostridia_258483; o__Lachnospirales; f__Lachnospiraceae; g__Blautia_A_141780; s__Blautia_A_141780 hansenii	58866	34073
TACGTAGGGGGCAAGCGTTATCCGGATTTACTGGGTGTAAAGGGAGCGTAGACGGTGTTGCAAGTCTGATGTGAAAGGCGGGGGCTCAACCCCTGGACTGCATTGGAAACTGTGATACTCGAGTGCCGGAGAGGTAAGCGGAATTCCTAG	d__Bacteria; p__Firmicutes_A; c__Clostridia_258483; o__Lachnospirales; f__Lachnospiraceae; g__Blautia_A_141781; s__Blautia_A_141781 faecis	35707	32631
TACGTAGGGGGCGAGCGTTATCCGGATTCATTGGGCGTAAAGCGCGCGTAGGCGGCCGCGTAGGCGGGGGGTCAAATCCCGGGGCTCAACCCCGGTCCGCCCCCCGAACCCCGCGGCTCGGGTCCGGTAGGGGAGGGTGGAATTCCCGGT	d__Bacteria; p__Actinobacteriota; c__Coriobacteriia; o__Coriobacteriales; f__Coriobacteriaceae; g__Collinsella; s__Collinsella tanakaei	68905	31890
TACGTAGGTGGCGAGCGTTATCCGGAATGATTGGGCGTAAAGGGTGCGTAGGTGGCAGATCAAGTCTGGAGTAAAAGGTATGGGCTCAACCCGTACTTGCTCTGGAAACTGATCAGCTAGAGAACAGAAGAGGACGGCGGAACTCCATGT	d__Bacteria; p__Firmicutes_D; c__Bacilli; o__Erysipelotrichales; f__Erysipelotrichaceae; g__Holdemanella; s__Holdemanella biformis	44307	28647
TACGTAGGTGGCAAGCGTTGTCCGGAATTATTGGGCGTAAAGGGCGCGCAGGCGGCGTCGCAAGTCGGTCTTAAAAGTGCGGGGCTTAACCCCGTGAGGGGACCGAAACTGCGATGCTAGAGTATCGGAGAGGAAAGCGGAATTCCTAGT	d__Bacteria; p__Firmicutes_C; c__Negativicutes; o__Veillonellales; f__Megasphaeraceae; g__; s__	11993	21037
TACGTAGGTGGCAAGCGTTGTCCGGAATTATTGGGCGTAAAGAGCATGTAGGCGGGCTTTTAAGTCCGACGTGAAAATGCGGGGCTTAACCCCGTATGGCGTTGGATACTGGGAGTCTTGAGTGCAGGAGAGGAAAGGGGAATTCCCAGT	d__Bacteria; p__Firmicutes_C; c__Negativicutes; o__Acidaminococcales; f__Acidaminococcaceae; g__Acidaminococcus; s__Acidaminococcus fermentans	6732	20910
TACGTAGGGGGCAAGCGTTATCCGGATTTACTGGGTGTAAAGGGAGCGTAGACGGCTTAGCAAGTCTGAAGTGAAAGCCCGGGGCTCAACCCCGGGACTGCTTTGGAAACTGTTAAGCTGGAGTGCTGGAGAGGTAAGCGGAATTCCTAG	d__Bacteria; p__Firmicutes_A; c__Clostridia_258483; o__Lachnospirales; f__Lachnospiraceae; g__Clostridium_Q_135853; s__Clostridium_Q_135853 saccharolyticum_A	31268	20683
TACGGAGGGTGCAAGCGTTAATCGGAATAACTGGGCGTAAAGGGCATGTAGGCGGAAAGGCAAGCAAGATGTGAAAGACCTGGGCTCAACCTGGGTTGGTCATTTTGAACTACCTTTCTAGAGTATTGCAGAGGGAGATGGAATTTCAGG	d__Bacteria; p__Proteobacteria; c__Gammaproteobacteria; o__Enterobacterales_A_737866; f__Succinivibrionaceae; g__Anaerobiospirillum_A; s__Anaerobiospirillum_A succiniciproducens	3398	19637
TACGTATGTCGCAAGCGTTATCCGGATTTATTGGGCGTAAAGCGCGTCTAGGCGGTTTGGTAAGTCTGATGTGAAAATGCGGGGCTCAACTCCGTATTGCGTTGGAAACTGCCAAACTAGAGTACTGGAGAGGTAGGCGGAACTACAAGT	d__Bacteria; p__Fusobacteriota; c__Fusobacteriia; o__Fusobacteriales_993521; f__Fusobacteriaceae_993521; g__Fusobacterium_A; s__	35828	19360
TACGGAAGGTCCAGGCGTTATCCGGATTTATTGGGTTTAAAGGGAGCGCAGGCGGACTCTTAAGTCAGTTGTGAAATACGGCGGCTCAACCGTCGGACTGCAGTTGATACTGGGAGTCTTGAGTGCACACAGGGATGCTGGAATTCATGG	d__Bacteria; p__Bacteroidota; c__Bacteroidia; o__Bacteroidales; f__Bacteroidaceae; g__Alloprevotella; s__Alloprevotella timonensis	34901	17203
TACGTAGGGTGCAAGCGTTATCCGGAATTATTGGGCGTAAAGGGCTCGTAGGCGGTTCGTCGCGTCCGGTGTGAAAGTCCATCGCTTAACGGTGGATCTGCGCCGGGTACGGGCGGGCTGGAGTGCGGTAGGGGAGACTGGAATTCCCGG	d__Bacteria; p__Actinobacteriota; c__Actinomycetia; o__Actinomycetales; f__Bifidobacteriaceae; g__Bifidobacterium_388775; s__	3221	16479
AACATAGGGGGCAAGCGTTGTCCGGAATCACTGGGCGTAAAGGGCGCGTAGGCGGTCTGTTAAGTCGGATGTGAAATGTAAGGGCTCAACCCTTAACGTGCATCCGATACTGGCAGACTTGAGTGCGGAAGAGGCAAGTGGAATTCCTAG	d__Bacteria; p__Firmicutes_A; c__Clostridia_258483; o__Peptostreptococcales; f__; g__; s__	20482	16266
TACGGAGGATCCGAGCGTTATCCGGATTTATTGGGTTTAAAGGGAGCGTAGATGGGTTGTTAAGTCAGTTGTGAAAGTTTGCGGCTCAACCGTAAAATTGCAATTGATACTGGCAGTCTTGAGTACAGTTGAGGTAGGCGGAATTCGTGG	d__Bacteria; p__Bacteroidota; c__Bacteroidia; o__Bacteroidales; f__Bacteroidaceae; g__Phocaeicola_A_858004; s__Phocaeicola_A_858004 massiliensis	49162	14733
TACGTAGGGTGCAAGCGTTATCCGGATTTATTGGGCGTAAAGGGCTCGTAGGCGGTTCGTCGCGTCTGGTGTGAAAGTCCATCGCTTAACGGTGGATCTGCGCCGGGTACGGGCGGGCTGGAGTGCGGCAGGGGAGACTGGAATTCCCGG	d__Bacteria; p__Actinobacteriota; c__Actinomycetia; o__Actinomycetales; f__Bifidobacteriaceae; g__Bifidobacterium_388775; s__Bifidobacterium pullorum_B_388330	13155	14306
AACGTAGGGTGCAAGCGTTGTCCGGAATTACTGGGTGTAAAGGGAGCGCAGGCGGACCGGCAAGTTGGGAGTGAAATCTATGGGCTCAACCCATAAATTGCTTTCAAAACTGCTGGCCTTGAGTAGTGCAGAGGTAGGTGGAATTCCCGG	d__Bacteria; p__Firmicutes_A; c__Clostridia_258483; o__Oscillospirales; f__Ruminococcaceae; g__Gemmiger_A_73129; s__	8997	13069
TACGTAGGGGGCAAGCGTTATCCGGATTTACTGGGTGTAAAGGGAGCGTAGACGGCATGGCAAGCCAGATGTGAAAGCCCGGGGCTCAACCCCGGGACTGCATTTGGAACTGTCAGGCTAGAGTGTCGGAGAGGAAAGCGGAATTCCTAG	d__Bacteria; p__Firmicutes_A; c__Clostridia_258483; o__Lachnospirales; f__Lachnospiraceae; g__Ruminococcus_B; s__Mediterraneibacter gnavus	14295	12552
TACGGAGGATCCGAGCGTTATCCGGATTTATTGGGTTTAAAGGGAGCGTAGGCGGATGCTTAAGTCAGTTGTGAAAGTTTGCGGCTCAACCGTAAAATTGCAGTTGATACTGGGTGTCTTGAGTACAGTAGAGGCAGGCGGAATTCGTGG	d__Bacteria; p__Bacteroidota; c__Bacteroidia; o__Bacteroidales; f__Bacteroidaceae; g__Bacteroides_H; s__	29669	12319
TACGTAGGGGGCAAGCGTTATCCGGATTTACTGGGTGTAAAGGGAGCGTAGACGGAAGAGCAAGTCTGATGTGAAAGCCCGGGGCTTAACCCCGGGACTGCATTGGAAACTGTTTTTCTAGAGTGCCGGAGAGGTAAGCGGAATTCCTAG	d__Bacteria; p__Firmicutes_A; c__Clostridia_258483; o__Lachnospirales; f__Lachnospiraceae; g__Blautia_A_141780; s__Blautia_A_141780 ornithocaccae	12319	11680
TACGGAGGGTGCAAGCGTTACTCGGAATCACTGGGCGTAAAGAGCGCGTAGGCGGGAAAGTAAGTCAGATGTGAAATCCTGTGGCTTAACTACAGAACTGCATTTGAAACTGCTTTTCTAGAGTATGGGAGAGGTAGGTGGAATTCTTGG	d__Bacteria; p__Campylobacterota; c__Campylobacteria; o__Campylobacterales; f__Helicobacteraceae; g__Helicobacter_B; s__	1074	11653
TACGTAGGGGGCAAGCGTTATCCGGATTTACTGGGTGTAAAGGGAGCGTAGACGGACGGGCAAGTCTGAAGTGAAAGGCAGGGGCTCAACCCCTGGACTGCTTTGGAAACTGTCCATCTGGAGTGCCGGAGAGGTAAGCGGAATTCCTAG	d__Bacteria; p__Firmicutes_A; c__Clostridia_258483; o__Lachnospirales; f__Lachnospiraceae; g__Blautia_A_141780; s__Blautia_A_141780 ornithocaccae	18897	11482
AACGTAGGTCACAAGCGTTGTCCGGAATTACTGGGTGTAAAGGGAGCGCAGGCGGGAAGGCAAGTTGGAAGTGAAATCTATGGGCTCAACCCATAAACTGCTTTCAAAACTGTTTTTCTTGAGTAGTGCAGAGGTAGGCGGAATTCCCGG	d__Bacteria; p__Firmicutes_A; c__Clostridia_258483; o__Oscillospirales; f__Ruminococcaceae; g__Faecalibacterium; s__Faecalibacterium prausnitzii_C_71358	12853	10910
TACGTAGGGGGCAAGCGTTATCCGGATTTACTGGGTGTAAAGGGAGCGTAGACGGACTGGCAAGTCTGATGTGAAAACCCGGGGCTCAACCCCGGGACTGCATTGGAAACTGTCAGTCTAGAGTGTCGGAGGGGTAAGTGGAATTCCTAG	d__Bacteria; p__Firmicutes_A; c__Clostridia_258483; o__Lachnospirales; f__Lachnospiraceae; g__Oliverpabstia; s__	11473	10817
TACGTAGGGGGCAAGCGTTATCCGGATTTACTGGGTGTAAAGGGAGTGTAGACGGCAAGGCAAGTCTGAAGTGAAAGCCCGGTGCTTAACGCCGGGACTGCTTTGGAAACTGTTTAGCTGGAGTGCCGGAGAGGTAAGCGGAATTCCTAG	d__Bacteria; p__Firmicutes_A; c__Clostridia_258483; o__Lachnospirales; f__Lachnospiraceae; g__Eisenbergiella; s__	13098	10279
TACGTAGGTGGCAAGCGTTATCCGGATTTACTGGGTGTAAAGGGCGTGTAGGCGGGATTGCAAGTCAGATGTGAAAACCACGGGCTCAACCTGTGGCCTGCATTTGAAACTGTAGTTCTTGAGTACTGGAGAGGCAGACGGAATTCCTAG	d__Bacteria; p__Firmicutes_A; c__Clostridia_258483; o__Oscillospirales; f__Oscillospiraceae_88309; g__Lawsonibacter; s__Lawsonibacter sp000177015	4595	10070
TACGTAGGTGGCAAGCGTTGTCCGGAATTACTGGGTGTAAAGGGAGCGTAGGCGGGGAGGCAAGTTGAATGTTTAAACTATCGGCTCAACTGATAGTCGCGTTCAAAACTGCCACTCTTGAGTGCAGTAGAGGTAGGCGGAATTCCTAGT	d__Bacteria; p__Firmicutes_A; c__Clostridia_258483; o__Oscillospirales; f__Ruminococcaceae; g__Negativibacillus; s__Negativibacillus massiliensis	10145	9734
TACGTAGGGGGCAAGCGTTATCCGGATTTACTGGGTGTAAAGGGAGCGTAGACGGCATGGCAAGCCAGATGTGAAAGCCCGGGGCTCAACCCCGGGACTGCATTTGGAACTGTCAGGCTAGAGTGTCGGAGAGGTAAGCGGAATTCCTAG	d__Bacteria; p__Firmicutes_A; c__Clostridia_258483; o__Lachnospirales; f__Lachnospiraceae; g__Ruminococcus_B; s__Mediterraneibacter gnavus	23829	9530
TACGTAGGGGGCAAGCGTTATCCGGATTTACTGGGTGTAAAGGGAGCGTAGACGGCACAGCAAGTCTGAAGTGAAATCCCCGGGCTCAACCCGGGAACTGCTTTGGAAACTGTTGGGCTGGAGTGCTGGAGAGGCAAGCGGAATTCCTAG	d__Bacteria; p__Firmicutes_A; c__Clostridia_258483; o__Lachnospirales; f__Lachnospiraceae; g__Copromonas; s__Copromonas sp000435795	7985	8929
TACGTAGGGGGCAAGCGTTATCCGGATTTACTGGGTGTAAAGGGAGCGTAGACGGACGGGCAAGTCTGATGTGAAAGCCCGGGGCTTAACCCCGGGACTGCATTGGAAACTGTCCATCTTGAGTGCCGGAGAGGTAAGCGGAATTCCTAG	d__Bacteria; p__Firmicutes_A; c__Clostridia_258483; o__Lachnospirales; f__Lachnospiraceae; g__Blautia_A_141780; s__Blautia_A_141780 argi	8975	8129
TACGTAGGGGGCAAGCGTTATCCGGATTTACTGGGTGTAAAGGGAGCGTAGACGGATGTGCAAGTCTGAAGTGAAAGCCCGGGGCTCAACCCCGGGACTGCTTTGGAAACTGTGTATCTAGAGTGCCGGAGAGGTAAGCGGAATTCCCAG	d__Bacteria; p__Firmicutes_A; c__Clostridia_258483; o__Lachnospirales; f__Lachnospiraceae; g__Faecalimonas; s__Faecalimonas phoceensis	14898	7792
TACGTAGGGGGCAAGCGTTATCCGGATTTACTGGGTGTAAAGGGAGCGTAGACGGAGCAGCAAGTCTGATGTGAAAGGCAGGGGCTCAACCCCTGGACTGCATTGGAAACTGTTGATCTTGAGTACCGGAGGGGTAAGCGGAATTCCTAG	d__Bacteria; p__Firmicutes_A; c__Clostridia_258483; o__Lachnospirales; f__Lachnospiraceae; g__Blautia_A_141781; s__Blautia_A_141781 glucerasea	19849	6923
TACGTAGGGGGCAAGCGTTATCCGGATTTACTGGGTGTAAAGGGAGCGTAGACGGTGTGGCAAGTCTGATGTGAAAGGCAGGGGCTCAACTCCTGGACTGCATTGGAAACTGCCAGACTTGAGTGCCGGAGGGGTAAGCGGAATTCCTAG	d__Bacteria; p__Firmicutes_A; c__Clostridia_258483; o__Lachnospirales; f__Lachnospiraceae; g__Blautia_A_141781; s__	33490	6910
TACGTAGGGGGCAAGCGTTATCCGGATTTACTGGGTGTAAAGGGAGCGCAGGCGGCAGCGCAAGTCAGAAGTGAAAGCCCGGGGCTTAACTCCGGGACTGCTTTTGAAACTGTGCGGCTAGATTTCAGGAGAGGTAAGCGGAATTCCTAG	d__Bacteria; p__Firmicutes_A; c__Clostridia_258483; o__Lachnospirales; f__Lachnospiraceae; g__Coprococcus_A_187866; s__	11138	6695
TACGTAGGGGGCTAGCGTTATCCGGAATTACTGGGCGTAAAGGGTGCGTAGGCGGTCTTTCAAGTCAGAAGTGAAAGGCTACGGCTCAACCGTAGTAAGCTTTTGAAACTGTAAGACTTGAGTGCAGGAGAGGAGAGTGGAATTCCTAGT	d__Bacteria; p__Firmicutes_A; c__Clostridia_258483; o__Peptostreptococcales; f__Peptostreptococcaceae_256921; g__; s__	7194	6527
TACGTAGGGGGCAAGCGTTATCCGGATTTACTGGGTGTAAAGGGAGCGTAGACGGCATGGCAAGTCTGATGTGAAAACTTGGGGCTCAACCCCAAGACTGCATTGGAAACTGTTAAGCTAGAGTGCAGGAGAGGTAAGCGGAATTCCTAG	d__Bacteria; p__Firmicutes_A; c__Clostridia_258483; o__Lachnospirales; f__Lachnospiraceae; g__; s__	7796	5305
TACGGAGGGTGCAAGCGTTAATCGGAATAACTGGGCGTAAAGGGCATGCAGGCGGTTCATCAAGTAGGATGTGAAATCCCCGGGCTCAACCTGGGAACAGCATACTAAACTGGTGGACTAGAGTATTGCAGGGGGAGACGGAATTCCAGG	d__Bacteria; p__Proteobacteria; c__Gammaproteobacteria; o__Enterobacterales_A_737866; f__Succinivibrionaceae; g__Succinivibrio; s__Succinivibrio sp000431835	8669	5229
TACGTAGGGGGCAAGCGTTATCCGGATTTACTGGGTGTAAAGGGAGCGTAGACGGCATGGCAAGTCTGAAGTGAAAGCCCGGGGCTCAACCCCGGGACTGCTTTGGAAACTGTCAGGCTAGAGTGCTGGAGAGGTAAGTGGAATTCCTAG	d__Bacteria; p__Firmicutes_A; c__Clostridia_258483; o__Lachnospirales; f__Lachnospiraceae; g__Dorea_A; s__	4316	5082
TACGTAGGGTGCAAGCGTTAATCGGAATTACTGGGCGTAAAGCGTGCGCAGGCGGTTCTGTAAGACAGATGTGAAATCCCCGGGCTTAACCTGGGAATTGCATTTGTGACTGCAGGACTAGAGTTCATCAGAGGGGGGTGGAATTCCAAG	d__Bacteria; p__Proteobacteria; c__Gammaproteobacteria; o__Burkholderiales_595427; f__Burkholderiaceae_A_595427; g__Sutterella; s__Sutterella wadsworthensis_A_565807	4215	4702
TACGTAGGGGGCAAGCGTTATCCGGATTTACTGGGTGTAAAGGGAGCGTAGACGGCGGAGCAAGTCTGAAGTGAAAGCCCGGGGCTCAACCCCGGGACTGCTTTGGAAACTGTTCTGCTAGAGTGCTGGAGAGGTAAGTGGAATTCCTAG	d__Bacteria; p__Firmicutes_A; c__Clostridia_258483; o__Lachnospirales; f__Lachnospiraceae; g__Enterocloster; s__	6099	4453
TACGTAGGGGGCAAGCGTTATCCGGAATTACTGGGTGTAAAGGGAGCGTAGGCGGCATGGTAAGCCAGATGTGAAAGCCTTGGGCTTAACCCGAGGATTGCATTTGGAACTATCAAGCTAGAGTACAGGAGAGGAAAGCGGAATTCCTAG	d__Bacteria; p__Firmicutes_A; c__Clostridia_258483; o__Lachnospirales; f__Anaerotignaceae; g__Anaerotignum_189125; s__Anaerotignum lactatifermentans	6174	4343
TACGTAGGGAGCAAGCGTTATCCGGATTTATTGGGTGTAAAGGGTGCGTAGACGGGAATGCAAGTTGGTTGTGAAATCCCTCGGCTCAACCGAGGAATTGCAACCAAAACTATATTTCTTGAGTGCTGGAGAGGAAAGTGGAATTCCTAG	d__Bacteria; p__Firmicutes_A; c__Clostridia_258483; o__TANB77; f__CAG-508; g__CAG-269; s__CAG-269 sp000431335	8100	4201
TACGTATGGTGCAAGCGTTATCCGGATTTACTGGGTGTAAAGGGAGCGTAGACGGAGAGGCAAGTCTGATGTGAAAACCCGGGGCTCAACCCCGGGACTGCATTGGAAACTGTTTTTCTAGAGTGTCGGAGAGGTAAGTGGAATTCCTAG	d__Bacteria; p__Firmicutes_A; c__Clostridia_258483; o__Lachnospirales; f__Lachnospiraceae; g__Schaedlerella; s__Mediterraneibacter glycyrrhizinilyticus	6637	4134
TACGTAGGGAGCGAGCGTTATCCGGAATTATTGGGTGTAAAGGGTGCGTAGACGGGAGAACAAGTTAGTTGTGAAATACCTCGGCTCAACTGAGGAACTGCAACTAAAACTGTACTTCTTGAGTGCAGGAGAGGTAAGTGGAATTCCTAG	d__Bacteria; p__Firmicutes_A; c__Clostridia_258483; o__TANB77; f__CAG-508; g__; s__	5220	3916
TACGTAGGTGGCAAGCGTTGTCCGGATTTATTGGGCGTAAAGCGAGCGCAGGCGGTCTTTTAAGTCTGATGTGAAAGCCCCCGGCTTAACCGGGGAGGGTCATTGGAAACTGGGAGACTTGAGTGCAGAAGAGGAAAGCGGAATTCCATG	d__Bacteria; p__Firmicutes_D; c__Bacilli; o__Lactobacillales; f__Enterococcaceae; g__Enterococcus_E; s__Enterococcus_E cecorum	8578	3798
TACGTATGGGGCGAGCGTTATCCGGATTCATTGGGCGTAAAGCGCGCGTAGGCGGCCTCGTAGGCCGGGAGTCAAATCCGGGGGCTCAACCCCCGCCCGCTCCCGGAACCACGGGGCTTGAGTCTGGCAGGGGAGGGTGGAATTCCCAGT	d__Bacteria; p__Actinobacteriota; c__Coriobacteriia; o__Coriobacteriales; f__Atopobiaceae; g__Parolsenella; s__	2034	3527
TACGTATGGAGCAAGCGTTATCCGGATTTACTGGGTGTAAAGGGAGTGTAGGTGGCACAGCAAGTCAGAAGTGAAAGCCCGGGGCTCAACCCCGGGACTGCTTTTGAAACTGCTGGGCTGGAGTGCAGGAGAGGTAAGTGGAATTCCTAG	d__Bacteria; p__Firmicutes_A; c__Clostridia_258483; o__Lachnospirales; f__Lachnospiraceae; g__Lachnospira; s__	10686	3278
TACGTATGGAGCAAGCGTTATCCGGATTTACTGGGTGTAAAGGGAGCGTAGACGGTTGTGCAAGTCTGATGTGAAATTCCAGGGCTTAACCCTGGACCTGCATTGGAAACTGTATAACTAGAGTGTCGGAGAGGTGAGTGGAATTCCTAG	d__Bacteria; p__Firmicutes_A; c__Clostridia_258483; o__Lachnospirales; f__Lachnospiraceae; g__; s__	5327	3069
TACGTATGGTGCAAGCGTTATCCGGATTTACTGGGTGTAAAGGGAGCGTAGACGGAGAGGCAAGTCTGGAGTGAAAACCCAGGGCTCAACCCTGGGACTGCTTTGGAAACTGCAATTCTGGAGTGCCGGAGAGGTAAGCGGAATTCCTAG	d__Bacteria; p__Firmicutes_A; c__Clostridia_258483; o__Lachnospirales; f__Lachnospiraceae; g__Sellimonas; s__Sellimonas intestinalis	3113	3001
TACGTAGGTGGCAAGCGTTGTCCGGATTTACTGGGTGTAAAGGGCGTGCAGCCGGGCCGGCAAGTCAGATGTGAAATCCACGGGCTTAACCCGTGAACTGCATTTGAAACTGTTGGTCTTGAGTATCGGAGAGGTAATCGGAATTCCTTG	d__Bacteria; p__Firmicutes_A; c__Clostridia_258483; o__Oscillospirales; f__Oscillospiraceae_88309; g__; s__	1113	2910
TACGGAGGGTGCAAGCGTTAATCGGAATAACTGGGCGTAAAGGGCATGTAGGCGGAAAGGTAAGTAGGATGTGAAATACCCGGGCTCAACCTGGGTTGGTCATTCTAAACTGTCTTTCTAGAGTATTGCAGAGGGAGATGGAATTTCAGG	d__Bacteria; p__Proteobacteria; c__Gammaproteobacteria; o__Enterobacterales_A_737866; f__Succinivibrionaceae; g__Anaerobiospirillum_A; s__Anaerobiospirillum_A succiniciproducens	2587	2831
TACGTAGGTGGCAAGCGTTGTCCGGAATTATTGGGCGTAAAGCGCGCGCAGGCGGCCGTGCAAGTCCATCTTAAAAGCGTGGGGCTTAACCCCATGAGGGGATGGAAACTGCAGGGCTGGAGTGTCGGAGGGGAAAGTGGAATTCCTAGT	d__Bacteria; p__Firmicutes_C; c__Negativicutes; o__Veillonellales; f__Dialisteraceae; g__Allisonella; s__Allisonella histaminiformans	2935	2776
TACGTAGGGGGCAAGCGTTATCCGGATTTACTGGGTGTAAAGGGAGCGTAGACGGCGATGCAAGTCTGAAGTGAAAGCCCAGGGCTCAACCCTGGGACTGCTTTGGAAACTGTGTTGCTAGAGTGCTGGAGAGGTAAGTGGAATTCCTAG	d__Bacteria; p__Firmicutes_A; c__Clostridia_258483; o__Lachnospirales; f__Lachnospiraceae; g__Ventrimonas; s__Ventrimonas sp003611875	6140	2549
TACGTAGGGGGCAAGCGTTATCCGGATTTACTGGGTGTAAAGGGAGCGTAGACGGAGCAGCAAGTCTGATGTGAAAGGCGGGGGCTCAACCCCCGGACTGCATTGGAAACTGTTGATCTTGAGTACCGGAGGGGTAAGCGGAATTCCTAG	d__Bacteria; p__Firmicutes_A; c__Clostridia_258483; o__Lachnospirales; f__Lachnospiraceae; g__Blautia_A_141781; s__Blautia_A_141781 caecimuris	2316	2203
TACGTAGGTGGCAAGCGTTATCCGGAATGATTGGGCGTAAAGGGTGCGTAGGTGGTACATTAAGTCTGAAGTAAAAGGCAGCAGCTCAACTGCTGTTCGCTTTGGAAACTGGTGAACTAGAGTGCAGGAGAGGGCGATGGAATTCCATGT	d__Bacteria; p__Firmicutes_D; c__Bacilli; o__Erysipelotrichales; f__Erysipelotrichaceae; g__Amedibacillus; s__Amedibacillus dolichus	15724	1982
TACGTAGGGGGCAAGCGTTATCCGGAATTACTGGGTGTAAAGGGTGAGTAGGCGGCATGGCAAGTAAGATGTGAAAGCCCGAGGCTTAACCTCGGGATTGCATTTTAAACTGCTAAGCTAGAGTACAGGAGAGGAAAGCGGAATTCCTAG	d__Bacteria; p__Firmicutes_A; c__Clostridia_258483; o__Lachnospirales; f__Anaerotignaceae; g__; s__	1687	1971
TACGTAGGGGGCAAGCGTTATCCGGATTTACTGGGTGTAAAGGGAGCGTAGACGGCATAGCAAGTCTGAAGTGAAAGCCCGCGGCTCAACTGCGGGACTGCTTTGGAAACTGTTAAGCTAGAGTGCTGGAGAGGTAAGCGGAATTCCTAG	d__Bacteria; p__Firmicutes_A; c__Clostridia_258483; o__Lachnospirales; f__Lachnospiraceae; g__; s__	3135	1744
AACGTAGGGTGCAAGCGTTGTCCGGAATTACTGGGTGTAAAGGGAGCGCAGGCGGACCGGCAAGTTGGAAGTGAAATCTATGGGCTCAACCCATAAATTGCTTTCAAAACTGCTGGCCTTGAGTAGTGCAGAGGTAGGTGGAATTCCCGG	d__Bacteria; p__Firmicutes_A; c__Clostridia_258483; o__Oscillospirales; f__Ruminococcaceae; g__Gemmiger_A_73129; s__Subdoligranulum variabile	1133	1507
TACGTAGGGGGCAAGCGTTATCCGGATTTACTGGGTGTAAAGGGAGCGTAGACGGCTGTGCAAGTCTGAAGTGAAAGCCCGGGGCTCAACCCCGGGACTGCTTTGGAAACTGTATAGCTAGAGTGCTGGAGAGGTAAGTGGAATTCCTAG	d__Bacteria; p__Firmicutes_A; c__Clostridia_258483; o__Lachnospirales; f__Lachnospiraceae; g__Dorea_A; s__	3015	1391
TACGTAGGGAGCAAGCGTTATCCGGATTTACTGGGTGTAAAGGGCGTGTAGGCGGGAAAGCAAGTCAGATGTGAAACCCAGTGGCTCAACCACTGGCCTGCATTTGAAACTGTTTTTCTTGAGTGATGGAGAGGCAGGCGGAATTCCGTG	d__Bacteria; p__Firmicutes_A; c__Clostridia_258483; o__Oscillospirales; f__Oscillospiraceae_88309; g__Evtepia; s__Evtepia gabavorous	2315	1376
TACGGAGGATCCGAGCGTTATCCGGATTTATTGGGTTTAAAGGGTGCGTAGGCGGCCTTTTAAGTCAGCGGTGAAAGTCTGTGGCTCAACCATAGAATTGCCGTTGAAACTGGGGGGCTTGAGTATGTTTGAGGCAGGCGGAATGCGTGG	d__Bacteria; p__Bacteroidota; c__Bacteroidia; o__Bacteroidales; f__Tannerellaceae; g__Parabacteroides_B_862066; s__Parabacteroides_B_862066 distasonis	4811	1246
TACGGAGGATCCGAGCGTTATCCGGATTTATTGGGTTTAAAGGGTGCGTAGGCGGCCTTTTAAGTCAGCGGTGAAAGTCTGTGGCTCAACCATAGAATTGCCGTTGAAACTGGAAGGCTTGAGTATGTTTGAGGCAGGCGGAATGCGTGG	d__Bacteria; p__Bacteroidota; c__Bacteroidia; o__Bacteroidales; f__Tannerellaceae; g__Parabacteroides_B_862066; s__Parabacteroides_B_862066 distasonis	283	1242
TACGTAGGGGGCAAGCGTTATCCGGATTTACTGGGTGTAAAGGGAGCGTAGACGGAAGTGCAAGTCTGATGTGAAAACCCGAGGCTCAACCACGGGACTGCATTGGAAACTGTGCTTCTAGAGTGCCGGAGAGGTAAGCGGAATTCCTAG	d__Bacteria; p__Firmicutes_A; c__Clostridia_258483; o__Lachnospirales; f__Lachnospiraceae; g__UBA9414; s__UBA9414 sp003458885	1336	959
TACGTAGGGAGCAAGCGTTATCCGGATTTACTGGGTGTAAAGGGCGAGTAGGCGGGCTGGTAAGTTGGAAGTGAAATCTGGGGGCTCAACCCCCAAACTGCTTTCAAAACTGCTGGTCTTGAGTGATGGAGAGGCAGGCGGAATTCCGTG	d__Bacteria; p__Firmicutes_A; c__Clostridia_258483; o__Oscillospirales; f__Butyricicoccaceae; g__Agathobaculum; s__	791	914
TACGTAGGGGGCAAGCGTTATCCGGATTTACTGGGTGTAAAGGGAGCGCAGGTGGTATGGCAAGTCAGAAGTGAAAACCCGAGGCTCAACCACGGGATTGCTTTTGAAACTGTTAAACTAGAGTGCAGGAGGGGCAGGCGGAATTCCTGG	d__Bacteria; p__Firmicutes_A; c__Clostridia_258483; o__Lachnospirales; f__Lachnospiraceae; g__Fimimorpha; s__	2114	890
TACGTAGGGGGCAAGCGTTATCCGGATTTACTGGGTGTAAAGGGAGCGTAGACGGCAAGGCAAGTCTGATGTGAAAACCCAGGGCTTAACCCTGGGACTGCATTGGAAACTGTCTGGCTCGAGTGCCGGAGAGGTAAGCGGAATTCCTAG	d__Bacteria; p__Firmicutes_A; c__Clostridia_258483; o__Lachnospirales; f__Lachnospiraceae; g__Fusicatenibacter; s__Fusicatenibacter saccharivorans	3007	794
TACGTAGGGAGCAAGCGTTGTCCGGATTTACTGGGTGTAAAGGGTGCGTAGGCGGTTCGGCAAGTCAGAAGTGAAATCCATGGGCTTAACCCATGAACTGCTTTTGAAACTGTCGAACTTGAGTGAAGTAGAGGTAGGCGGAATTCCCGG	d__Bacteria; p__Firmicutes_A; c__Clostridia_258483; o__Oscillospirales; f__Acutalibacteraceae; g__Acutalibacter; s__	1624	660
TACGTAGGGGGCGAGCGTTATCCGGATTCATTGGGCGTAAAGCGCGCGTAGGCGTCTCCTCAAGCGGCACCGTCGAAGCCGGGGGCTCAACCCCCGGAAGCGGGCCGAACTGGGGGGATCGAGTGCGGTAGGGGCAGGCGGAATTCCCGG	d__Bacteria; p__Actinobacteriota; c__Coriobacteriia; o__Coriobacteriales; f__Eggerthellaceae; g__Slackia_A; s__Slackia_A faecicanis	1836	566
TACGGAGGATTCAAGCGTTATCCGGATTTATTGGGTTTAAAGGGTGCGTAGGCGGTCTGATAAGTTAGAGGTGAAATCCCGGGGCTTAACTCCGGAATTGCCTCTGATACTGTTGGGCTAGAGAGTAGTTGCGGTAGGCGGAATGTATGG	d__Bacteria; p__Bacteroidota; c__Bacteroidia; o__Bacteroidales; f__Rikenellaceae; g__Alistipes_A_871400; s__Alistipes_A_871400 dispar	1601	478
TACGTAGGGGGCAAGCGTTATCCGGATTTACTGGGTGTAAAGGGAGCGTAGACGGCAGTGCAAGTCTGAAGTGAAAGCCCGGGGCTCAACCCCGGGACTGCTTTGGAAACTGTGCAGCTAGAGTGTCGGAGAGGCAAGCGGAATTCCTAG	d__Bacteria; p__Firmicutes_A; c__Clostridia_258483; o__Lachnospirales; f__Lachnospiraceae; g__Faecalimonas; s__Faecalimonas umbilicata	1231	409
TACGTAGGTGGCGAGCGTTATCCGGATTTACTGGGTGTAAAGGGCGTGTAGGCGGGACTGCAAGTCAGGCGTGAAAACTATGGGCTTAACCCATAGCCTGCGTTTGAAACTGTAGTTCTTGAGTGCTGGAGAGGCAATCGGAATTCCGTG	d__Bacteria; p__Firmicutes_A; c__Clostridia_258483; o__Oscillospirales; f__Oscillospiraceae_88309; g__Lawsonibacter; s__	270	385
TACGTAGGGAGCGAGCGTTGTCCGGATTTACTGGGTGTAAAGGGTGCGTAGGCGGCAGAGCAAGTCAGGCGTGAAAGCCATGGGCTTAACCCATGAACTGCGCTTGAAACTGTTTTGCTTGAGTGAAGTAGAGGCAGGCGGAATTCCCGG	d__Bacteria; p__Firmicutes_A; c__Clostridia_258483; o__Oscillospirales; f__Acutalibacteraceae; g__; s__	283	336
TACGTATGGTGCAAGCGTTATCCGGATTTACTGGGTGTAAAGGGAGCGTAGACGGAGAGGCAAGTCTGATGTGAAAACCCGGGGCTCAACCCCGGGGCTGCATTGGAAACTGTTTTTCTAGAGTGTCGGAGAGGTAAGTGGAATTCCTAG	d__Bacteria; p__Firmicutes_A; c__Clostridia_258483; o__Lachnospirales; f__Lachnospiraceae; g__Schaedlerella; s__	138	334
TACGGAGGGTGCAAGCGTTAATCGGAATAACTGGGCGTAAAGGGCATGTAGGCGGATAGTCAAGTAAGGTGTGAAAGCCCCGGGCTCAACCTGGGAACTGCACTTTAAACTAACTATCTAGAGTATTGCAGAGGGAAATGGAATTCCAGG	d__Bacteria; p__Proteobacteria; c__Gammaproteobacteria; o__Enterobacterales_A_737866; f__Succinivibrionaceae; g__Anaerobiospirillum_A; s__Anaerobiospirillum_A thomasii	605	333
TACGTAGGTGGCAAGCGTTGTCCGGAATTATTGGGCGTAAAGCGCGCGCAGGCGGCTATGCAAGTCCATCTTAAAAGCGTGGGGCTTAACCCCATGAGGGGATGGAAACTGCAGGGCTGGAGTGTCGGAGGGGAAAGTGGAATTCCTAGT	d__Bacteria; p__Firmicutes_C; c__Negativicutes; o__Veillonellales; f__Dialisteraceae; g__Allisonella; s__Allisonella histaminiformans	109	266
TACGTAGGGGGCAAGCGTTATCCGGATTTACTGGGTGTAAAGGGAGCGTAGACGGCAAGACAAGTCTGGAGTGAAAGCCCGGGGCTCAACCGCGGGACTGCTCTGGAAACTGCCTTGCTGGAGTGCTGGAGAGGCAAGCGGAATTCCTAG	d__Bacteria; p__Firmicutes_A; c__Clostridia_258483; o__Lachnospirales; f__Lachnospiraceae; g__Enterocloster; s__	233	264
TACGTAGGGGGCGAGCGTTATCCGGATTCATTGGGCGTAAAGCGCGCGTAGGCGGCCTGGCAGGCCGGGGGTCAAATGCGGGGGCTCAACCCCCGCCCGCCCCCGGAACCTCCGGGCTTGGGTCCGGTAGGGGAGGGTGGAACACCCGGT	d__Bacteria; p__Actinobacteriota; c__Coriobacteriia; o__Coriobacteriales; f__Coriobacteriaceae; g__Collinsella; s__Collinsella bouchesdurhonensis	107	253
TACGTAGGGCGCGAGCGTTGTCCGGAATTATTGGGCGTAAAGGGCTTGTAGGCGGTTGGTTGCGTCTGCCGTGAAATCCTCTGGCTTAACTGGGGGCGTGCGGTGGGTACGGGCTGGCTTGAGTGCGGTAGGGGAGACTGGAATTCCTGG	d__Bacteria; p__Actinobacteriota; c__Actinomycetia; o__Actinomycetales; f__Actinomycetaceae; g__Pauljensenia; s__Pauljensenia hyovaginalis	512	250
TACGGAGGATCCGAGCGTTATCCGGATTTATTGGGTTTAAAGGGTGCGTAGGCGGCCTTTTAAGTCAGCGGTGAAAGTCTGTGGCTCAACCATAGAATTGCCGTTGAAACTGGGAGGCTTGAGTATGTTTGAGGCAGGCGGAATGCGTGG	d__Bacteria; p__Bacteroidota; c__Bacteroidia; o__Bacteroidales; f__Tannerellaceae; g__Parabacteroides_B_862066; s__Parabacteroides_B_862066 distasonis	855	242
TACGTATGGAGCAAGCGTTATCCGGATTTACTGGGTGTAAAGGGAGCGTAGACGGCTTAGCAAGTCTGATGTGAAAGGCTGGGGCTCAACCCCGGGACTGCATTGGAAACTGTTAAGCTAGAGTGCCGGAGAGGTAAGCGGAATTCCTAG	d__Bacteria; p__Firmicutes_A; c__Clostridia_258483; o__Lachnospirales; f__Lachnospiraceae; g__Choladousia; s__Choladousia sp003612585	1135	238
TACGTAGGTTGCAAGCGTTGTCCGGAATTACTGGGTGTAAAGGGCGTGTAGGCGGAGCTGCAAGTCAGATGTGAAATCCCGGGGCTCAACCCTGGAACTGCATTTGAAACTGTAGCCCTTGAGTATCGGAGAGGCAAGCGGAATTCCTAG	d__Bacteria; p__Firmicutes_A; c__Clostridia_258483; o__Oscillospirales; f__Oscillospiraceae_88309; g__Faecousia; s__Faecousia sp000434635	5562	219
TACGTAGGGAGCAAGCGTTGTCCGGAATTACTGGGTGTAAAGGGTGCGTAGGCGGCCCTGCAAGTCAGGCGTGAAAACCATGGGCTCAACCCGTGGACTGCGTTTGAAACTGTGGGGCTTGAGTGAAGTAGAGGTAGGCGGAATTCCCGG	d__Bacteria; p__Firmicutes_A; c__Clostridia_258483; o__Oscillospirales; f__Acutalibacteraceae; g__Caproiciproducens; s__Caproiciproducens sp000752215	269	183
TACGTAGGTGGCAAGCGTTGTCCGGATTTATTGGGCGTAAAGCGAGCGCAGGCGGTCTTTTAAGTCTGATGTGAAAGCCCTCGGCTTAACCGGGGAGGGTCATTGGAAACTGGGAGACTTGAGTGCAGAAGAGGAAAGCGGAATTCCATG	d__Bacteria; p__Firmicutes_D; c__Bacilli; o__Lactobacillales; f__Enterococcaceae; g__Enterococcus_E; s__Enterococcus_E cecorum	389	151
TACGTATGGTGCAAGCGTTATCCGGATTTACTGGGTGTAAAGGGAGCGTAGACGGATGGGCAAGTCTGATGTGAAAACCCGGGGCTCAACCCCGGGACTGCATTGGAAACTGTTCATCTGGAGTGCTGGAGAGGTAAGTGGAATTCCTAG	d__Bacteria; p__Firmicutes_A; c__Clostridia_258483; o__Lachnospirales; f__Lachnospiraceae; g__Mediterraneibacter_A_155507; s__Mediterraneibacter_A_155507 torques	883	45
TACGTAGGGGGCAAGCGTTATCCGGATTTACTGGGTGTAAAGGGAGCGTAGACGGCGGTGCAAGTCTGATGTGAAAGGCAGGGGCTCAACTCCTGGACTGCATTGGAAACTGTACTGCTTGAGTGCCGGAGAGGTAAGCGGAATTCCTAG	d__Bacteria; p__Firmicutes_A; c__Clostridia_258483; o__Lachnospirales; f__Lachnospiraceae; g__Blautia_A_141781; s__	306	40
TACGTAGGGCGCAAGCGTTGTCCGGAATTATTGGGCGTAAAGAGCTCGTAGGCGGTTTGTCGCGTCTGTCGTGAAAACCCACAGCTTAACTGTGGGCTTGCGGTGGGTACGGGCAGGCTTGAGTGCGGTAGGGGAGACTGGAATTCCTGG	d__Bacteria; p__Actinobacteriota; c__Actinomycetia; o__Actinomycetales; f__Actinomycetaceae; g__Buchananella; s__Buchananella hordeovulneris	61	21